,model,price,rating,sim,processor,ram,battery,display,camera,card,os
0,Samsung Galaxy S23 Ultra 5G,114990.0,,"Dual Sim, 3G, 4G, 5G, VoLTE, Vo5G, Wi-Fi, NFC","Snapdragon 8 Gen2, Octa Core, 3.2 GHz Processor","8 GB RAM, 256 GB inbuilt",5000 mAh Battery with 45W Fast Charging,"6.8 inches, 1440 x 3088 px, 120 Hz Display with Punch Hole",200 MP Quad Rear & 12 MP Front Camera,Memory Card Not Supported,Android v13
1,OnePlus 11 Pro,69999.0,,"Dual Sim, 3G, 4G, 5G, VoLTE, Wi-Fi, NFC","Snapdragon  8 Gen2, Octa Core, 3.2 GHz Processor","8 GB RAM, 128 GB inbuilt",4500 mAh Battery with 100W Fast Charging,"6.7 inches, 1440 x 3216 px, 120 Hz Display with Punch Hole",50 MP + 48 MP + 32 MP Triple Rear & 16 MP Front Camera,Android v13,No FM Radio
2,Samsung Galaxy S22 Ultra 5G,91999.0,,"Dual Sim, 3G, 4G, 5G, VoLTE, Wi-Fi, NFC","Snapdragon  8 Gen1, Octa Core, 3 GHz Processor","12 GB RAM, 256 GB inbuilt",5000 mAh Battery with 45W Fast Charging,"6.8 inches, 1440 x 3080 px, 120 Hz Display with Punch Hole",108 MP Quad Rear & 40 MP Front Camera,Android v12,Bluetooth
3,Samsung Galaxy A74 5G,42999.0,,"Dual Sim, 3G, 4G, 5G, VoLTE, Wi-Fi, NFC","Snapdragon 7 Gen1, Octa Core, 2.36 GHz Processor","8 GB RAM, 128 GB inbuilt",5000 mAh Battery with 33W Fast Charging,"6.7 inches, 1080 x 2412 px, 120 Hz Display with Punch Hole",108 MP Quad Rear & 32 MP Front Camera,"Memory Card (Hybrid), upto 1 TB",Android v12
4,Oppo Find N Fold,99990.0,,"Dual Sim, 3G, 4G, 5G, VoLTE, Wi-Fi, NFC","Snapdragon  8+ Gen1, Octa Core, 3.2 GHz Processor","8 GB RAM, 256 GB inbuilt",5000 mAh Battery with 67W Fast Charging,"7.1 inches, 1792 x 1920 px, 120 Hz Display with Punch Hole","Foldable Display, Dual Display",64 MP + 10 MP + 8 MP Triple Rear & 32 MP Front Camera,Android v12
5,Gionee G13 Pro,6190.0,,"Dual Sim, 3G, 4G, VoLTE, Wi-Fi","Tiger  T310, Quad Core, 2 GHz Processor","4 GB RAM, 32 GB inbuilt",3500 mAh Battery,"6.26 inches, 720 x 1600 px Display with Large Notch",13 MP Dual Rear & 5 MP Front Camera,Memory Card Supported,HarmonyOS v2
6,Samsung Galaxy A73 5G,41999.0,,"Dual Sim, 3G, 4G, 5G, VoLTE, Wi-Fi, NFC","Snapdragon 778G, Octa Core, 2.4 GHz Processor","8 GB RAM, 128 GB inbuilt",5000 mAh Battery with 25W Fast Charging,"6.7 inches, 1080 x 2400 px, 120 Hz Display with Punch Hole",108 MP Quad Rear & 32 MP Front Camera,"Memory Card (Hybrid), upto 1 TB",Android v12
7,Vivo X90 Pro Plus 5G,73999.0,,"Dual Sim, 3G, 4G, 5G, VoLTE, Wi-Fi, NFC, IR Blaster","Snapdragon 8 Gen2, Octa Core, 3.2 GHz Processor","12 GB RAM, 256 GB inbuilt",4700 mAh Battery with 80W Fast Charging,"6.78 inches, 1440 x 3200 px, 120 Hz Display with Punch Hole",50.3 MP Quad Rear & 32 MP Front Camera,Android v13,No FM Radio
8,Vivo X Fold 5G,106990.0,,"Dual Sim, 3G, 4G, 5G, VoLTE, Wi-Fi, NFC","Snapdragon 8 Gen1, Octa Core, 3 GHz Processor","12 GB RAM, 256 GB inbuilt",4600 mAh Battery with 66W Fast Charging,"8.03 inches, 1916 x 2160 px, 120 Hz Display",Foldable Display,50 MP Quad Rear & 16 MP Front Camera,Android v12
9,Xiaomi 13 Pro 5G,58990.0,,"Dual Sim, 3G, 4G, 5G, VoLTE, Wi-Fi, NFC, IR Blaster","Snapdragon 8 Gen2, Octa Core, 3.2 GHz Processor","8 GB RAM, 128 GB inbuilt",4820 mAh Battery with 120W Fast Charging,"6.73 inches, 1440 x 3200 px, 120 Hz Display with Punch Hole",50.3 MP + 50 MP + 50 MP Triple Rear & 32 MP Front Camera,Memory Card Not Supported,Android v13
10,Xiaomi Redmi A1,6171.0,,"Dual Sim, 3G, 4G, VoLTE, Wi-Fi","Helio A22, Quad Core, 2 GHz Processor","2 GB RAM, 32 GB inbuilt",5000 mAh Battery with 10W Fast Charging,"6.52 inches, 720 x 1600 px Display with Water Drop Notch",8 MP Dual Rear & 5 MP Front Camera,"Memory Card Supported, upto 512 GB",Android v12
11,Jio Phone 3,4499.0,,"Dual Sim, 3G, 4G, VoLTE, Wi-Fi","Quad Core, 1.4 GHz Processor","2 GB RAM, 64 GB inbuilt",2800 mAh Battery,"5 inches, 720 x 1280 px Display",5 MP Rear & 2 MP Front Camera,"Memory Card Supported, upto 128 GB",Android v8.1 (Oreo)
12,Nokia 2780 Flip,4990.0,,"Dual Sim, 3G, 4G, Wi-Fi","Snapdragon QM215, Quad Core, 1.3 GHz Processor","4 GB RAM, 512 MB inbuilt",1450 mAh Battery,"2.7 inches, 240 x 320 px Display",Dual Display,5 MP Rear Camera,"Memory Card Supported, upto 32 GB"
13,Realme C30,5299.0,,"Dual Sim, 3G, 4G, VoLTE, Wi-Fi","Tiger T612, Octa Core, 1.82 GHz Processor","2 GB RAM, 32 GB inbuilt",5000 mAh Battery,"6.5 inches, 720 x 1600 px Display with Water Drop Notch",8 MP Rear & 5 MP Front Camera,"Memory Card Supported, upto 1 TB",Android v11
14,Oppo Find N2 5G,94990.0,,"Dual Sim, 3G, 4G, 5G, VoLTE, Wi-Fi, NFC","Snapdragon 8+ Gen1, Octa Core, 3.2 GHz Processor","12 GB RAM, 256 GB inbuilt",4520 mAh Battery with 67W Fast Charging,"7.1 inches, 1792 x 1920 px, 120 Hz Display with Punch Hole","Foldable Display, Dual Display",50 MP + 48 MP + 32 MP Triple Rear & 32 MP + 32 MP Dual Front Camera,Memory Card Not Supported
15,Letv Y1 Pro,5499.0,,"Dual Sim, 3G, 4G, VoLTE, Wi-Fi","Tiger T310, Quad Core, 2 GHz Processor","4 GB RAM, 32 GB inbuilt",4000 mAh Battery,"6.54 inches, 720 x 1560 px Display with Small Notch",8 MP + Depth Sensor Dual Rear & 5 MP Front Camera,Android v11,No FM Radio
16,Duoqin F22 Pro,9990.0,,"Dual Sim, 3G, 4G, VoLTE, Wi-Fi","Helio  G85, Octa Core, 2 GHz Processor","4 GB RAM, 64 GB inbuilt",2150 mAh Battery,"3.54 inches, 640 x 960 px Display",8 MP Rear & 2 MP Front Camera,Memory Card Supported,Android v12
17,Nokia N73 5G,46999.0,,"Dual Sim, 3G, 4G, 5G, VoLTE, Wi-Fi","Snapdragon  8 Gen1, Octa Core, 3 GHz Processor","12 GB RAM, 256 GB inbuilt",6000 mAh Battery with 65W Fast Charging,"6.9 inches, 1400 x 3200 px, 120 Hz Display with Punch Hole",200 MP Penta Rear & 32 MP Front Camera,Memory Card Supported,Android v12.1
18,Motorola Edge 30 Ultra,54999.0,,"Dual Sim, 3G, 4G, 5G, VoLTE, Wi-Fi, NFC","Snapdragon 8+ Gen1, Octa Core, 3.2 GHz Processor","8 GB RAM, 128 GB inbuilt",4610 mAh Battery with 125W Fast Charging,"6.67 inches, 1080 x 2400 px, 144 Hz Display with Punch Hole",200 MP + 50 MP + 12 MP Triple Rear & 60 MP Front Camera,Android v12,No FM Radio
19,Xiaomi 13 Ultra 5G,71999.0,,"Dual Sim, 3G, 4G, 5G, VoLTE, Wi-Fi, NFC, IR Blaster","Snapdragon 8 Gen2, Octa Core, 3.2 GHz Processor","12 GB RAM, 256 GB inbuilt",5000 mAh Battery with 120W Fast Charging,"6.6 inches, 1440 x 3200 px, 120 Hz Display with Punch Hole",108 MP Quad Rear & 32 MP Front Camera,Android v12,No FM Radio
20,Google Pixel 7 Pro 5G,81999.0,,"Dual Sim, 3G, 4G, 5G, VoLTE, Wi-Fi, NFC","Google  Tensor G2, Octa Core, 2.85 GHz Processor","12 GB RAM, 128 GB inbuilt",5000 mAh Battery with 30W Fast Charging,"6.7 inches, 1440 x 3120 px, 120 Hz Display with Punch Hole",50 MP + 48 MP + 12 MP Triple Rear & 10.8 MP Front Camera,Android v13,No FM Radio
21,Vivo Y02,8999.0,,"Dual Sim, 3G, 4G, VoLTE, Wi-Fi","Helio, Octa Core Processor","3 GB RAM, 32 GB inbuilt",5000 mAh Battery with 10W Fast Charging,"6.51 inches, 720 x 1600 px Display with Water Drop Notch",8 MP Rear & 5 MP Front Camera,"Memory Card Supported, upto 1 TB",Android v12
22,OnePlus 10 Pro 5G (12GB RAM + 256GB),65499.0,,"Dual Sim, 3G, 4G, 5G, VoLTE, Wi-Fi, NFC","Snapdragon  8 Gen1, Octa Core, 3 GHz Processor","12 GB RAM, 256 GB inbuilt",5000 mAh Battery with 80W Fast Charging,"6.7 inches, 1440 x 3216 px, 120 Hz Display with Punch Hole",50 MP + 48 MP + 8 MP Triple Rear & 32 MP Front Camera,Android v12,No FM Radio
23,Xiaomi Mix Fold 2 5G,106990.0,,"Dual Sim, 3G, 4G, 5G, VoLTE, Wi-Fi, NFC, IR Blaster","Snapdragon  8+ Gen1 , Octa Core, 3.2 GHz Processor","12 GB RAM, 256 GB inbuilt",4500 mAh Battery with 67W Fast Charging,"8.02 inches, 1914 x 2160 px, 120 Hz Display with Punch Hole","Foldable Display, Dual Display",50 MP + 13 MP + 8 MP Triple Rear & 20 MP Front Camera,Android v12
24,Nokia 2720 V Flip,6199.0,,"Dual Sim, 3G, 4G, VoLTE, Wi-Fi","Snapdragon 205 , Dual Core, 1.1 GHz Processor","512 MB RAM, 4 GB inbuilt",1500 mAh Battery,"2.8 inches, 240 x 320 px Display",Dual Display,2 MP Rear Camera,Memory Card Supported
25,Motorola Edge 30 Ultra (12GB RAM + 256GB),59999.0,,"Dual Sim, 3G, 4G, 5G, VoLTE, Wi-Fi, NFC","Snapdragon 8+ Gen1, Octa Core, 3.2 GHz Processor","12 GB RAM, 256 GB inbuilt",4610 mAh Battery with 125W Fast Charging,"6.67 inches, 1080 x 2400 px, 144 Hz Display with Punch Hole",200 MP + 50 MP + 12 MP Triple Rear & 60 MP Front Camera,Android v12,No FM Radio
26,Samsung Galaxy S22 Ultra 5G (12GB RAM + 512GB),118999.0,,"Dual Sim, 3G, 4G, 5G, VoLTE, Wi-Fi, NFC","Snapdragon  8 Gen1, Octa Core, 3 GHz Processor","12 GB RAM, 512 GB inbuilt",5000 mAh Battery with 45W Fast Charging,"6.8 inches, 1440 x 3080 px, 120 Hz Display with Punch Hole",108 MP Quad Rear & 40 MP Front Camera,Android v12,Bluetooth
27,itel S16 Pro,6990.0,,"Dual Sim, 3G, 4G, VoLTE, Wi-Fi","Quad Core, 1.3 GHz Processor","2 GB RAM, 32 GB inbuilt",4000 mAh Battery,"6.6 inches, 1600 x 720 px Display with Punch Hole",8 MP + 2 MP + 0.3 MP Triple Rear & 8 MP Front Camera,"Memory Card Supported, upto 32 GB",Android v10
28,Samsung Galaxy Z Fold 4,154998.0,,"Dual Sim, 3G, 4G, 5G, VoLTE, Wi-Fi, NFC","Snapdragon  8+ Gen1, Octa Core, 3.2 GHz Processor","12 GB RAM, 256 GB inbuilt",4400 mAh Battery with 25W Fast Charging,"7.6 inches, 1812 x 2176 px, 120 Hz Display with Punch Hole","Foldable Display, Dual Display",50 MP + 12 MP + 10 MP Triple Rear & 10 MP + 4 MP Dual Front Camera,Android v12
29,Samsung Galaxy S21 Ultra,105999.0,,"Dual Sim, 3G, 4G, 5G, VoLTE, Wi-Fi, NFC","Exynos  2100, Octa Core, 2.9 GHz Processor","12 GB RAM, 256 GB inbuilt",5000 mAh Battery with 25W Fast Charging,"6.8 inches, 1440 x 3200 px, 120 Hz Display with Punch Hole",108 MP Quad Rear & 40 MP Front Camera,Android v10,No FM Radio
30,Samsung Galaxy A73 5G (8GB RAM + 256GB),41990.0,,"Dual Sim, 3G, 4G, 5G, VoLTE, Wi-Fi, NFC","Snapdragon 778G, Octa Core, 2.4 GHz Processor","8 GB RAM, 256 GB inbuilt",5000 mAh Battery with 25W Fast Charging,"6.7 inches, 1080 x 2400 px, 120 Hz Display with Punch Hole",108 MP Quad Rear & 32 MP Front Camera,"Memory Card (Hybrid), upto 1 TB",Android v12
31,Samsung Galaxy A03 Core,6499.0,,"Dual Sim, 3G, 4G, VoLTE, Wi-Fi","Unisoc  SC9836A, Quad Core, 1.6 GHz Processor","2 GB RAM, 32 GB inbuilt",5000 mAh Battery,"6.5 inches, 720 x 1600 px Display with Water Drop Notch",8 MP Rear & 5 MP Front Camera,"Memory Card Supported, upto 1 TB",Android v10
32,Oppo Find X6 Pro,77990.0,,"Dual Sim, 3G, 4G, 5G, VoLTE, Wi-Fi, NFC","Snapdragon 8 Gen2, Octa Core, 3.2 GHz Processor","12 GB RAM, 256 GB inbuilt",4700 mAh Battery with 120W Fast Charging,"6.78 inches, 1080 x 2400 px, 120 Hz Display with Punch Hole",50 MP + 50 MP + 50 MP Triple Rear & 32 MP Front Camera,Android v13,No FM Radio
33,Vivo X90 Pro 5G,56999.0,,"Dual Sim, 3G, 4G, 5G, VoLTE, Wi-Fi, NFC, IR Blaster","Dimensity 9200, Octa Core, 3.05 GHz Processor","8 GB RAM, 256 GB inbuilt",4870 mAh Battery with 120W Fast Charging,"6.78 inches, 1260 x 2800 px, 120 Hz Display with Punch Hole",50.3 MP + 50 MP + 12 MP Triple Rear & 32 MP Front Camera,Memory Card Not Supported,Android v13
34,Jio JioPhone Next,4649.0,,"Dual Sim, 3G, 4G, VoLTE, Wi-Fi","Qualcomm 215, Quad Core, 1.3 GHz Processor","2 GB RAM, 32 GB inbuilt",3500 mAh Battery,"5.45 inches, 720 x 1440 px Display",13 MP Rear & 8 MP Front Camera,"Memory Card Supported, upto 512 GB",Android v11
35,Realme C30s,7145.0,,"Dual Sim, 3G, 4G, VoLTE, Wi-Fi","Unisoc SC9863A, Octa Core, 1.6 GHz Processor","2 GB RAM, 32 GB inbuilt",5000 mAh Battery with 10W Fast Charging,"6.5 inches, 720 x 1600 px Display with Water Drop Notch",8 MP Rear & 5 MP Front Camera,"Memory Card Supported, upto 1 TB",Android v12
36,Sony Xperia Pro-I,134999.0,,"Dual Sim, 3G, 4G, 5G, VoLTE, Wi-Fi, NFC","Snapdragon 888, Octa Core, 2.84 GHz Processor","12 GB RAM, 512 GB inbuilt",4500 mAh Battery with 30W Fast Charging,"6.5 inches, 1644 x 3840 px, 120 Hz Display",12 MP + 12 MP + 12 MP Triple Rear & 8 MP Front Camera,"Memory Card (Hybrid), upto 1 TB",Android v11
37,Nokia 2660 Flip,4649.0,,"Dual Sim, 3G, 4G",No Wifi,Unisoc T107,"48 MB RAM, 128 MB inbuilt",1450 mAh Battery,"2.8 inches, 240 x 320 px Display",Dual Display,0.3 MP Rear Camera
38,Letv Y2 Pro,6999.0,,"Dual Sim, 3G, 4G, VoLTE, Wi-Fi","Unisoc, Octa Core Processor","4 GB RAM, 32 GB inbuilt",4000 mAh Battery,"6.5 inches, 720 x 1560 px Display with Small Notch",13 MP + Depth Sensor + Ultra Wide Triple Rear & 8 MP Front Camera,Android v11,No FM Radio
39,itel P36,6490.0,,"Dual Sim, 3G, 4G, VoLTE, Wi-Fi","Spreadtrum  SC7731E, Quad Core, 1.3 GHz Processor","1 GB RAM, 16 GB inbuilt",5000 mAh Battery,"6.5 inches, 1600 x 720 px Display with Water Drop Notch",8 MP + 0.3 MP Dual Rear & 8 MP Front Camera,Android v9.0 (Pie),Bluetooth
40,Jio JioPhone 2,2999.0,,"Dual Sim, 3G, 4G, VoLTE, Wi-Fi","Dual Core, 1 GHz Processor","512 MB RAM, 4 GB inbuilt",2000 mAh Battery,"2.4 inches, 320 x 240 px Display",2 MP Rear & 0.3 MP Front Camera,"Memory Card Supported, upto 128 GB",KAI OS
41,Poco C50,6499.0,,"Dual Sim, 3G, 4G, VoLTE, Wi-Fi","Helio A22, Quad Core, 2 GHz Processor","2 GB RAM, 32 GB inbuilt",5000 mAh Battery with 10W Fast Charging,"6.52 inches, 720 x 1600 px Display with Water Drop Notch",8 MP Dual Rear & 5 MP Front Camera,"Memory Card Supported, upto 512 GB",Android v12
42,Samsung Galaxy Note 30 Ultra 5G,104999.0,,"Dual Sim, 3G, 4G, 5G, VoLTE, Wi-Fi, NFC","Snapdragon  8+ Gen1, Octa Core, 3.2 GHz Processor","12 GB RAM, 256 GB inbuilt",4500 mAh Battery with 67W Fast Charging,"6.71 inches, 1440 x 3214 px, 120 Hz Display with Punch Hole",200 MP + 12 MP + 12 MP Triple Rear & 10 MP Front Camera,"Memory Card (Hybrid), upto 1 TB",Android v12
43,Vivo X80 Pro 5G,79999.0,,"Dual Sim, 3G, 4G, 5G, VoLTE, Wi-Fi, NFC","Snapdragon  8 Gen1, Octa Core, 3 GHz Processor","12 GB RAM, 256 GB inbuilt",4700 mAh Battery with 80W Fast Charging,"6.78 inches, 1440 x 3200 px, 120 Hz Display with Punch Hole",50 MP Quad Rear & 32 MP Front Camera,Memory Card Not Supported,Android v12
44,Motorola Moto X30 Pro,41990.0,,"Dual Sim, 3G, 4G, 5G, VoLTE, Wi-Fi, NFC","Snapdragon 8+ Gen1, Octa Core, 3.2 GHz Processor","8 GB RAM, 128 GB inbuilt",4450 mAh Battery with 125W Fast Charging,"6.67 inches, 1080 x 2400 px, 144 Hz Display with Punch Hole",200 MP + 50 MP + 12 MP Triple Rear & 60 MP Front Camera,Android v12,No FM Radio
45,Xiaomi 12S Ultra,69990.0,,"Dual Sim, 3G, 4G, 5G, VoLTE, Wi-Fi, NFC, IR Blaster","Snapdragon 8+ Gen1, Octa Core, 3.2 GHz Processor","8 GB RAM, 256 GB inbuilt",4860 mAh Battery with 67W Fast Charging,"6.73 inches, 1440 x 3200 px, 120 Hz Display with Punch Hole",50 MP + 48 MP + 48 MP Triple Rear & 32 MP Front Camera,Android v12,No FM Radio
46,OnePlus 10 Pro 5G (12GB RAM + 512GB),74999.0,,"Dual Sim, 3G, 4G, 5G, VoLTE, Wi-Fi, NFC","Snapdragon  8 Gen1, Octa Core, 3 GHz Processor","12 GB RAM, 512 GB inbuilt",5000 mAh Battery with 80W Fast Charging,"6.7 inches, 1440 x 3216 px, 120 Hz Display with Punch Hole",50 MP + 48 MP + 8 MP Triple Rear & 32 MP Front Camera,Android v12.1,No FM Radio
47,Apple iPhone SE 3 2022,43900.0,,"Dual Sim, 3G, 4G, 5G, VoLTE, Wi-Fi, NFC","Bionic  A15, Hexa Core, 3.22 GHz Processor",64 GB inbuilt,"4.7 inches, 750 x 1334 px Display",12 MP Rear & 7 MP Front Camera,Memory Card Not Supported,iOS v15,No FM Radio
48,Infinix Smart 6 HD,6999.0,,"Dual Sim, 3G, 4G, VoLTE, Wi-Fi","Helio A22, Quad Core, 2 GHz Processor","2 GB RAM, 32 GB inbuilt",5000 mAh Battery,"6.6 inches, 720 x 1600 px Display with Water Drop Notch",8 MP Dual Rear & 5 MP Front Camera,"Memory Card Supported, upto 512 GB",Android v11
49,Xiaomi Mi Mix Alpha,199990.0,,"Dual Sim, 3G, 4G, 5G, VoLTE, Wi-Fi","Snapdragon 855+, Octa Core, 2.96 GHz Processor","12 GB RAM, 512 GB inbuilt",4050 mAh Battery with 40W Fast Charging,"7.92 inches, 2088 x 2250 px Display",108 MP + 20 MP + 12 MP Triple Rear Camera,Memory Card Not Supported,Android v10
50,Realme Narzo 50i,6490.0,,"Dual Sim, 3G, 4G, VoLTE, Wi-Fi","Unisoc  SC9863A, Octa Core, 1.6 GHz Processor","2 GB RAM, 32 GB inbuilt",5000 mAh Battery,"6.5 inches, 720 x 1600 px Display with Water Drop Notch",8 MP Rear & 5 MP Front Camera,"Memory Card Supported, upto 256 GB",Android v11
51,Nokia 110 4G,1762.0,,"Dual Sim, 3G, 4G, VoLTE",No Wifi,"128 MB RAM, 48 MB inbuilt",1020 mAh Battery,"1.8 inches, 120 x 160 px Display",0.3 MP Rear Camera,"Memory Card Supported, upto 32 GB",
52,Vivo Y25,7499.0,,"Dual Sim, 3G, 4G, Wi-Fi","Helio MT6580, Quad Core, 1.3 GHz Processor","1 GB RAM, 16 GB inbuilt",1900 mAh Battery,"4.5 inches, 480 x 854 px Display",5 MP Rear & 2 MP Front Camera,"Memory Card Supported, upto 128 GB",Android v5.1 (Lollipop)
53,Tecno Pop 6 Pro,6299.0,,"Dual Sim, 3G, 4G, VoLTE, Wi-Fi","Helio A22, Quad Core, 2 GHz Processor","2 GB RAM, 32 GB inbuilt",5000 mAh Battery,"6.56 inches, 720 x 1600 px Display with Water Drop Notch",8 MP Dual Rear & 5 MP Front Camera,"Memory Card Supported, upto 1 TB",Android v12
54,Itel A24 Pro,5990.0,,"Dual Sim, 3G, 4G, Wi-Fi","Unisoc  SC9832E, Quad Core, 1.4 GHz Processor","2 GB RAM, 32 GB inbuilt",3020 mAh Battery,"5 inches, 854 x 480 px Display",2 MP Rear & 0.3 MP Front Camera,Memory Card Supported,Android v12
55,Vivo X Fold Plus,113990.0,,"Dual Sim, 3G, 4G, 5G, VoLTE, Wi-Fi, NFC","Snapdragon 8+ Gen1, Octa Core, 3.2 GHz Processor","12 GB RAM, 256 GB inbuilt",4730 mAh Battery with 80W Fast Charging,"8.03 inches, 1916 x 2160 px, 120 Hz Display with Punch Hole","Foldable Display, Dual Display",50 MP Quad Rear & 16 MP + 16 MP Dual Front Camera,Android v12
56,Nokia 8000 4G,6899.0,,"Dual Sim, 3G, 4G, Wi-Fi","Snapdragon  210, Quad Core, 1.1 GHz Processor","512 MB RAM, 4 GB inbuilt",1500 mAh Battery,"2.8 inches, 240 x 320 px Display",2 MP Rear Camera,Memory Card Supported,Bluetooth
57,Sony Xperia 1 IV (12GB RAM + 512GB),92980.0,,"Dual Sim, 3G, 4G, 5G, VoLTE, Wi-Fi, NFC","Snapdragon 8 Gen1, Octa Core, 3 GHz Processor","12 GB RAM, 512 GB inbuilt",5000 mAh Battery with 30W Fast Charging,"6.5 inches, 1644 x 3840 px, 120 Hz Display",12 MP Quad Rear & 12 MP Front Camera,Memory Card (Hybrid),Android v12
58,OnePlus 12 Pro,69999.0,,"Dual Sim, 3G, 4G, 5G, VoLTE, Vo5G, Wi-Fi, NFC","Snapdragon  8 Gen2, Octa Core, 3.2 GHz Processor","12 GB RAM, 256 GB inbuilt",4800 mAh Battery with 150W Fast Charging,"6.73 inches, 1440 x 3412 px, 144 Hz Display with Punch Hole",108 MP + 50 MP + 48 MP Triple Rear & 32 MP Front Camera,Android v13,No FM Radio
59,Samsung Guru Music 2 Dual Sim,1949.0,,Dual Sim,No Wifi,"Single Core, 208 MHz Processor",800 mAh Battery,"2 inches, 128 x 160 px Display",No Rear Camera,"Memory Card Supported, upto 16 GB",
60,Itel MagicX Pro,2799.0,,"Dual Sim, 3G, 4G, VoLTE, Wi-Fi",1 GHz Processor,"64 MB RAM, 128 MB inbuilt",2500 mAh Battery,"2.4 inches, 320 x 240 px Display",0.3 MP Rear Camera,"Memory Card Supported, upto 64 GB",Bluetooth
61,Google Pixel 6 Pro (12GB RAM + 256GB),79700.0,,"Dual Sim, 3G, 4G, 5G, VoLTE, Wi-Fi, NFC","Google  Tensor, Octa Core, 2.8 GHz Processor","12 GB RAM, 256 GB inbuilt",5003 mAh Battery with 30W Fast Charging,"6.71 inches, 1440 x 3120 px, 120 Hz Display with Punch Hole",50 MP + 48 MP + 12 MP Triple Rear & 11.1 MP Front Camera,Android v12,No FM Radio
62,Xiaomi 12 Pro 5G (12GB RAM + 256GB),51880.0,,"Dual Sim, 3G, 4G, 5G, VoLTE, Wi-Fi, NFC, IR Blaster","Snapdragon 8 Gen1, Octa Core, 3 GHz Processor","12 GB RAM, 256 GB inbuilt",4600 mAh Battery with 120W Fast Charging,"6.73 inches, 1440 x 3200 px, 120 Hz Display with Punch Hole",50 MP + 50 MP + 50 MP Triple Rear & 32 MP Front Camera,Android v12,No FM Radio
63,Nokia X60 Pro 5G,49990.0,,"Dual Sim, 3G, 4G, 5G, VoLTE, Wi-Fi","Snapdragon  870, Octa Core, 3.2 GHz Processor","8 GB RAM, 128 GB inbuilt",6000 mAh Battery with 44W Fast Charging,"6.51 inches, 1080 x 2408 px, 144 Hz Display with Punch Hole",200 MP Quad Rear & 32 MP Front Camera,Memory Card Supported,Android v11
64,itel Magic 2 4G,2399.0,,"Dual Sim, 3G, 4G, VoLTE, Wi-Fi",No 3G,T117,"64 MB RAM, 128 MB inbuilt",1900 mAh Battery,"2.4 inches, 240 x 320 px Display",1.3 MP Rear Camera,"Memory Card Supported, upto 64 GB"
65,Nokia 105 (2019),1299.0,,Single Sim,No Wifi,"4 MB RAM, 4 MB inbuilt",800 mAh Battery,"1.77 inches, 120 x 160 px Display",No Rear Camera,,
66,Vivo Y71,25000.0,,"Dual Sim, 3G, 4G, VoLTE, Wi-Fi","Snapdragon 425, Quad Core, 1.4 GHz Processor","3 GB RAM, 16 GB inbuilt",3360 mAh Battery,"6 inches, 720 x 1440 px Display",13 MP Rear & 5 MP Front Camera,Memory Card Supported,Android v8.1 (Oreo)
67,Lyf C459,1999.0,,"Dual Sim, 3G, 4G, VoLTE, Wi-Fi","Snapdragon MSM8909, Quad Core, 1.1 GHz Processor","1 GB RAM, 8 GB inbuilt",2000 mAh Battery,"4.5 inches, 480 x 854 px Display",5 MP Rear & 2 MP Front Camera,"Memory Card Supported, upto 32 GB",Android v6.0 (Marshmallow)
68,Nokia 8210 4G,3749.0,,"Dual Sim, 3G, 4G",No Wifi,Unisoc T107,"48 MB RAM, 128 MB inbuilt",1450 mAh Battery,"2.8 inches, 240 x 320 px Display",0.3 MP Rear Camera,"Memory Card Supported, upto 32 GB"
69,Jio JioPhone Next (3GB RAM + 32GB),7499.0,,"Dual Sim, 3G, 4G, VoLTE, Wi-Fi","Qualcomm 215, Quad Core, 1.3 GHz Processor","3 GB RAM, 32 GB inbuilt",3000 mAh Battery,"5.5 inches, 720 x 1440 px Display",13 MP Rear & 8 MP Front Camera,Memory Card Supported,Pragati OS (Powered by Android)
70,Samsung Galaxy S20 Ultra 5G,99999.0,,"Dual Sim, 3G, 4G, 5G, VoLTE, Wi-Fi, NFC","Exynos 990, Octa Core, 2.73 GHz Processor","12 GB RAM, 128 GB inbuilt",5000 mAh Battery with 45W Fast Charging,"6.9 inches, 1440 x 3200 px Display with Punch Hole",108 MP Quad Rear & 40 MP Front Camera,"Memory Card (Hybrid), upto 1 TB",Android v10.0
71,Apple iPhone 7s,52990.0,,"Single Sim, 3G, 4G, VoLTE, Wi-Fi","Fusion APL1024, Quad Core, 2.37 GHz Processor","3 GB RAM, 32 GB inbuilt",2230 mAh Battery,"4.7 inches, 750 x 1334 px Display",13 MP Rear & 7 MP Front Camera,iOS v10,No FM Radio
72,Namotel Achhe Din,99.0,,"Dual Sim, 3G, Wi-Fi","1 GB RAM, 4 GB inbuilt",1325 mAh Battery,"4 inches, 720 x 1280 px Display",2 MP Rear & 0.3 MP Front Camera,Android v5.0 (Lollipop),Bluetooth,
73,Eunity U1 5605N,699.0,,Dual Sim,No 3G,"Dual Core, 500 MHz Processor","32 MB RAM, 32 MB inbuilt",3000 mAh Battery,"1.8 inches, 128 x 160 px Display",0.3 MP Rear Camera,"Memory Card Supported, upto 16 GB"
74,Nokia 225 4G,3589.0,,"Dual Sim, 3G, 4G, VoLTE",Unisoc T117,"64 MB RAM, 128 MB inbuilt",1150 mAh Battery,"2.4 inches, 240 x 320 px Display",0.3 MP Rear Camera,"Memory Card Supported, upto 32 GB",RTOS (Series 30+)
75,Nokia 105 Plus,1299.0,,Dual Sim,"4 MB RAM, 4 MB inbuilt",800 mAh Battery,"1.77 inches, 128 x 160 px Display",No Rear Camera,"Memory Card Supported, upto 32 GB",Bluetooth,
76,Samsung Galaxy S22 Ultra 5G (8GB RAM + 128GB),99990.0,,"Dual Sim, 3G, 4G, 5G, VoLTE, Wi-Fi, NFC","Snapdragon  8 Gen1, Octa Core, 3 GHz Processor","8 GB RAM, 128 GB inbuilt",5000 mAh Battery with 45W Fast Charging,"6.8 inches, 1440 x 3080 px, 120 Hz Display with Punch Hole",108 MP Quad Rear & 40 MP Front Camera,Android v12,Bluetooth
77,Nokia 2760 Flip,5490.0,,"Dual Sim, 3G, 4G, Wi-Fi",1450 mAh Battery,"3.6 inches, 240 x 320 px Display",5 MP Rear & 5 MP Front Camera,"Memory Card Supported, upto 32 GB",Kaios v3.0,Bluetooth,
78,Motorola Moto A10,1339.0,,Dual Sim,"4 MB RAM, 4 MB inbuilt",1750 mAh Battery,"1.8 inches, 160 x 128 px Display",No Rear Camera,"Memory Card Supported, upto 32 GB",,
79,Huawei Mate 40 Pro 4G,69990.0,,"Dual Sim, 3G, 4G, VoLTE, Wi-Fi, NFC, IR Blaster","Kirin  9000, Octa Core, 3.13 GHz Processor","8 GB RAM, 128 GB inbuilt",4400 mAh Battery with 66W Fast Charging,"6.76 inches, 1344 x 2772 px, 90 Hz Display with Punch Hole",50 MP + 20 MP + 12 MP Triple Rear & 13 MP Dual Front Camera,"Memory Card (Hybrid), upto 256 GB",Harmony v2.0
80,Zanco Tiny T1,2799.0,,Single Sim,"32 MB RAM, 32 MB inbuilt",200 mAh Battery,"0.49 inches, 64 x 32 px Display",No Rear Camera,No FM Radio,Bluetooth,
81,itel it2163S,958.0,,Dual Sim,"4 MB RAM, 4 MB inbuilt",1200 mAh Battery,"1.8 inches, 160 x 128 px Display",No Rear Camera,"Memory Card Supported, upto 32 GB",Bluetooth,
82,Honor Magic 4 Pro Plus 5G,94990.0,,"Dual Sim, 3G, 4G, 5G, VoLTE, Wi-Fi, NFC","Snapdragon  8 Gen1, Octa Core, 3 GHz Processor","12 GB RAM, 512 GB inbuilt",4600 mAh Battery with 120W Fast Charging,"6.76 inches, 1344 x 2772 px, 120 Hz Display with Punch Hole",50 MP Quad Rear & 13 MP Dual Front Camera,Android v12,No FM Radio
83,LG V60 ThinQ,79990.0,,"Dual Sim, 3G, 4G, 5G, VoLTE, Wi-Fi, NFC","Snapdragon  865, Octa Core, 2.84 GHz Processor","8 GB RAM, 128 GB inbuilt",5000 mAh Battery with Fast Charging,"6.8 inches, 1080 x 2460 px Display with Punch Hole",Dual Display,64 MP + 13 MP + 0.3 MP Triple Rear & 10 MP Front Camera,"Memory Card (Hybrid), upto 2 TB"
84,Xiaomi Qin 1,1799.0,,"Dual Sim, Wi-Fi",Helio MT6260A,"8 MB RAM, 16 MB inbuilt",1480 mAh Battery,"2.8 inches, 240 x 320 px Display",No Rear Camera,Nucleus,No FM Radio
85,Vivo Y02 (2GB RAM + 32GB),7999.0,,"Dual Sim, 3G, 4G, VoLTE, Wi-Fi","Helio, Octa Core Processor","2 GB RAM, 32 GB inbuilt",5000 mAh Battery with 10W Fast Charging,"6.51 inches, 720 x 1600 px Display with Water Drop Notch",8 MP Rear & 5 MP Front Camera,"Memory Card Supported, upto 1 TB",Android v12
86,itel Vision 3 (2GB RAM + 32GB),5785.0,,"Dual Sim, 3G, 4G, VoLTE, Wi-Fi","Unisoc  SC9863a, Octa Core, 1.6 GHz Processor","2 GB RAM, 32 GB inbuilt",5000 mAh Battery with 18W Fast Charging,"6.6 inches, 1612 x 720 px Display with Water Drop Notch",8 MP + 0.08 MP Dual Rear & 5 MP Front Camera,"Memory Card Supported, upto 128 GB",Android v11.0
87,Samsung Guru GT-E1215,1850.0,,Single Sim,800 mAh Battery,"1.5 inches, 120 x 120 px Display",No Rear Camera,No FM Radio,,,
88,Oppo Find N 5G,92249.0,,"Dual Sim, 3G, 4G, 5G, VoLTE, Wi-Fi, NFC","Snapdragon  888, Octa Core, 2.84 GHz Processor","8 GB RAM, 256 GB inbuilt",4500 mAh Battery with 33W Fast Charging,"7.1 inches, 1792 x 1920 px, 120 Hz Display with Punch Hole","Foldable Display, Dual Display",50 MP + 16 MP + 13 MP Triple Rear & 32 MP Front Camera,Android v11
89,Asus ROG Phone 6D Ultimate,107990.0,,"Dual Sim, 3G, 4G, 5G, VoLTE, Wi-Fi, NFC","Dimensity 9000 Plus, Octa Core, 3.2 GHz Processor","16 GB RAM, 512 GB inbuilt",6000 mAh Battery with 65W Fast Charging,"6.78 inches, 1080 x 2448 px, 165 Hz Display",Dual Display,50 MP + 13 MP + 5 MP Triple Rear & 12 MP Front Camera,Memory Card Not Supported
90,Vivo X80 Pro Plus 5G,82990.0,,"Dual Sim, 3G, 4G, 5G, VoLTE, Wi-Fi, NFC","Snapdragon 8+ Gen1, Octa Core, 3.2 GHz Processor","12 GB RAM, 256 GB inbuilt",4500 mAh Battery with 120W Fast Charging,"6.78 inches, 1440 x 3200 px, 120 Hz Display with Punch Hole",50 MP Quad Rear & 32 MP Front Camera,Android v11,No FM Radio
91,Tecno Pop 5 Go,6999.0,,"Dual Sim, 3G, Wi-Fi","Spreadtrum  SC7731, Quad Core, 1.3 GHz Processor","1 GB RAM, 16 GB inbuilt",4000 mAh Battery,"6.1 inches, 720 x 1520 px Display with Water Drop Notch",5 MP + 0.3 MP Dual Rear & 5 MP Front Camera,Memory Card Supported,Android v11
92,Huawei P50 Pro 4G,60999.0,,"Dual Sim, 3G, 4G, VoLTE, Wi-Fi, NFC, IR Blaster","Snapdragon 888, Octa Core, 2.84 GHz Processor","8 GB RAM, 256 GB inbuilt",4360 mAh Battery with 66W Fast Charging,"6.6 inches, 1288 x 2700 px, 120 Hz Display with Punch Hole",50 MP Quad Rear & 13 MP Front Camera,"Memory Card (Hybrid), upto 256 GB",HarmonyOS v2.0
93,Nokia C01 Plus,5249.0,,"Dual Sim, 3G, 4G, VoLTE, Wi-Fi","Unisoc  SC9863A, Octa Core, 1.6 GHz Processor","2 GB RAM, 16 GB inbuilt",3000 mAh Battery,"5.45 inches, 720 x 1440 px Display",5 MP Rear & 5 MP Front Camera,"Memory Card Supported, upto 256 GB",Android v11
94,Oppo Find X3 Pro,50990.0,,"Dual Sim, 3G, 4G, 5G, VoLTE, Wi-Fi, NFC","Snapdragon  888 , Octa Core, 2.84 GHz Processor","12 GB RAM, 256 GB inbuilt",4500 mAh Battery with 65W Fast Charging,"6.7 inches, 1440 x 3216 px, 120 Hz Display with Punch Hole",50 MP Quad Rear & 32 MP Front Camera,Android v11,No FM Radio
95,itel S16,5990.0,,"Dual Sim, 3G, 4G, VoLTE, Wi-Fi","Unisoc SC7731E, Quad Core, 1.3 GHz Processor","1 GB RAM, 16 GB inbuilt",4000 mAh Battery,"6.5 inches, 1600 x 720 px Display with Water Drop Notch",8 MP + 2 MP + 0.3 MP Triple Rear & 8 MP Front Camera,"Memory Card Supported, upto 32 GB",Android v10
96,Nokia 400 4G,3290.0,,"Dual Sim, 4G, VoLTE, Wi-Fi",2000 mAh Battery,"2.4 inches, 240 x 320 px Display",0.3 MP Rear & 0.3 MP Front Camera,"Memory Card Supported, upto 64 GB",Bluetooth,Browser,
97,Apple iPod Touch (7th Gen),18900.0,,Wi-Fi,32 GB inbuilt,"4 inches, 640 x 1136 px Display",8 MP Rear & 1.2 MP Front Camera,iOS v12,No FM Radio,Bluetooth,Browser
98,Karbonn KU3i,995.0,,Dual Sim,"52 MB RAM, 32 MB inbuilt",1000 mAh Battery,"1.8 inches, 128 x 160 px Display",No Rear Camera,"Memory Card Supported, upto 16 GB",Bluetooth,
99,Honor 80 Pro Plus,54990.0,,"Dual Sim, 3G, 4G, 5G, VoLTE, Wi-Fi, NFC","Snapdragon 8 Gen1 , Octa Core, 3 GHz Processor","12 GB RAM, 256 GB inbuilt",4500 mAh Battery with 100W Fast Charging,"6.78 inches, 1200 x 2652 px, 120 Hz Display with Punch Hole",200 MP + 50 MP + 8 MP Triple Rear & 50 MP Front Camera,Android v12,No FM Radio
100,Vivo X Note 5G (12GB RAM + 512GB),82990.0,,"Dual Sim, 3G, 4G, 5G, VoLTE, Wi-Fi, NFC, IR Blaster","Snapdragon 8 Gen1, Octa Core, 3 GHz Processor","12 GB RAM, 512 GB inbuilt",5000 mAh Battery with 80W Fast Charging,"7 inches, 1440 x 3080 px, 120 Hz Display with Punch Hole",50 MP Quad Rear & 16 MP Front Camera,Android v12,No FM Radio
101,Oppo Find X5 Pro 5G,79990.0,,"Dual Sim, 3G, 4G, 5G, VoLTE, Wi-Fi, NFC","Snapdragon 8 Gen1, Octa Core, 3 GHz Processor","8 GB RAM, 256 GB inbuilt",5000 mAh Battery with 80W Fast Charging,"6.7 inches, 1440 x 3216 px, 120 Hz Display with Punch Hole",50 MP + 50 MP + 13 MP Triple Rear & 32 MP Front Camera,Android v12,No FM Radio
102,Xiaomi 12 Ultra 5G,75999.0,,"Dual Sim, 3G, 4G, 5G, VoLTE, Wi-Fi, NFC, IR Blaster","Snapdragon 8+ Gen1, Octa Core, 3.2 GHz Processor","12 GB RAM, 256 GB inbuilt",4800 mAh Battery with 67W Fast Charging,"6.73 inches, 1440 x 3200 px, 120 Hz Display with Punch Hole",50 MP + 50 MP + 50 MP Triple Rear & 20 MP Front Camera,Android v12,No FM Radio
103,Xiaomi Mi Mix Fold,109990.0,,"Dual Sim, 3G, 4G, 5G, VoLTE, Wi-Fi, NFC, IR Blaster","Snapdragon  888 , Octa Core, 2.84 GHz Processor","12 GB RAM, 256 GB inbuilt",5020 mAh Battery with 67W Fast Charging,"8.01 inches, 1860 x 2480 px, 90 Hz Display","Foldable Display, Dual Display",108 MP + 13 MP + 8 MP Triple Rear & 20 MP Front Camera,Android v10
104,itel A56,5490.0,,"Dual Sim, 3G, 4G, VoLTE, Wi-Fi","Quad Core, 1.3 GHz Processor","1 GB RAM, 16 GB inbuilt",4000 mAh Battery,"6 inches, 720 x 1600 px Display",8 MP Dual Rear & 5 MP Front Camera,"Memory Card Supported, upto 32 GB",Android v9.0 (Pie)
105,Huawei P40 Pro,82990.0,,"Dual Sim, 3G, 4G, 5G, VoLTE, Wi-Fi, NFC","Kirin 990, Octa Core, 2.86 GHz Processor","8 GB RAM, 256 GB inbuilt",4200 mAh Battery with 40W Fast Charging,"6.58 inches, 1200 x 2640 px, 90 Hz Display with Dual Punch Hole",50 MP Quad Rear & 32 MP Dual Front Camera,"Memory Card (Hybrid), upto 256 GB",Android v10.0
106,itel Magic X,2239.0,,"Dual Sim, 3G, 4G, VoLTE, Wi-Fi",No 3G,T117,"48 MB RAM, 128 MB inbuilt",1200 mAh Battery,"2.4 inches, 240 x 320 px Display",1.3 MP Rear Camera,"Memory Card Supported, upto 64 GB"
107,Eunity U1 King,599.0,,Dual Sim,1.77 MHz Processor,"32 MB RAM, 32 MB inbuilt",1000 mAh Battery,"1.8 inches, 260 x 240 px Display",0.3 MP Rear Camera,,
108,Gionee K10,6999.0,,"Dual Sim, 3G, 4G, VoLTE, Wi-Fi","Tiger  T310, Quad Core, 2 GHz Processor","3 GB RAM, 32 GB inbuilt",4800 mAh Battery,"6.8 inches, 720 x 1600 px Display with Punch Hole",13 MP Rear & 5 MP Front Camera,Memory Card Supported,Android v10
109,CAT S22 Flip,14999.0,,"Single Sim, 3G, 4G, VoLTE, Wi-Fi","Qualcomm 215, Quad Core, 1.3 GHz Processor","2 GB RAM, 16 GB inbuilt",2000 mAh Battery,"4 inches, 480 x 640 px Display",Dual Display,5 MP Rear & 2 MP Front Camera,"Memory Card Supported, upto 128 GB"
110,DIZO Star 500,1749.0,,Dual Sim,"SC6531E, 26 MHz Processor","32 MB RAM, 32 MB inbuilt",1900 mAh Battery,"2.8 inches, 240 x 320 px Display",0.3 MP Rear Camera,"Memory Card Supported, upto 64 GB",Bluetooth
111,Nokia 215 4G,3099.0,,"Dual Sim, 3G, 4G, VoLTE",Unisoc T117,"64 MB RAM, 128 MB inbuilt",1150 mAh Battery,"2.4 inches, 240 x 320 px Display",No Rear Camera,"Memory Card Supported, upto 32 GB",RTOS (Series 30+)
112,Samsung Galaxy A01 Core,4999.0,,"Dual Sim, 3G, 4G, VoLTE, Wi-Fi","(28 nm), Quad Core, 1.5 GHz Processor","1 GB RAM, 16 GB inbuilt",3000 mAh Battery,"5.3 inches, 720 x 1480 px Display",8 MP Rear & 5 MP Front Camera,Memory Card Supported,Android v10
113,LG Folder 2,11999.0,,"Single Sim, 3G, 4G, Wi-Fi","1 GB RAM, 8 GB inbuilt",1470 mAh Battery,"2.8 inches, 240 x 320 px Display",2 MP Rear Camera,Memory Card Supported,Bluetooth,
114,Vivo Y91c,8199.0,,"Dual Sim, 3G, 4G, VoLTE, Wi-Fi","Helio P22, Octa Core, 2 GHz Processor","2 GB RAM, 32 GB inbuilt",4030 mAh Battery,"6.22 inches, 720 x 1520 px Display with Water Drop Notch",13 MP Rear & 5 MP Front Camera,"Memory Card Supported, upto 256 GB",Android v8.1 (Oreo)
115,BlackZone Ultra 4G,1899.0,,"Dual Sim, 3G, 4G, VoLTE","Single Core, 1 GHz Processor","48 MB RAM, 48 MB inbuilt",2500 mAh Battery,"1.8 inches, 480 x 640 px Display",2 MP Rear Camera,"Memory Card Supported, upto 48 GB",Bluetooth
116,Nokia 110 (2022),1599.0,,Dual Sim,No Wifi,"4 MB RAM, 4 MB inbuilt",1000 mAh Battery,"1.77 inches, 120 x 160 px Display","Memory Card Supported, upto 32 GB",,
117,Nokia 5710 XpressAudio,4799.0,,"Dual Sim, 3G, 4G",No Wifi,Unisoc T107,"48 MB RAM, 128 MB inbuilt",1450 mAh Battery,"2.4 inches, 240 x 320 px Display",0.3 MP Rear Camera,"Memory Card Supported, upto 32 GB"
118,Itel A23 Pro,3999.0,,"Dual Sim, 3G, 4G, Wi-Fi","Spreadtrum  SC9832E , Quad Core, 1.4 GHz Processor","1 GB RAM, 8 GB inbuilt",2400 mAh Battery,"5 inches, 854 x 480 px Display",5 MP Rear & 2 MP Front Camera,Android v10,No FM Radio
119,Samsung Galaxy S21 Ultra 5G (12GB RAM + 128GB),101999.0,,"Dual Sim, 3G, 4G, 5G, VoLTE, Wi-Fi, NFC","Exynos  2100, Octa Core, 2.9 GHz Processor","12 GB RAM, 128 GB inbuilt",5000 mAh Battery with 25W Fast Charging,"6.8 inches, 1440 x 3200 px, 120 Hz Display with Punch Hole",108 MP Quad Rear & 40 MP Front Camera,Android v10,No FM Radio
120,Nokia 150 (2020),2499.0,,Dual Sim,No Wifi,4 MB inbuilt,1020 mAh Battery,"2.4 inches, 240 x 320 px Display",0.3 MP Rear Camera,"Memory Card Supported, upto 32 GB",Bluetooth
121,Samsung Galaxy S20 Plus 5G,85990.0,,"Dual Sim, 3G, 4G, 5G, VoLTE, Wi-Fi, NFC","Exynos 990, Octa Core, 2.73 GHz Processor","8 GB RAM, 128 GB inbuilt",4500 mAh Battery with 25W Fast Charging,"6.7 inches, 1440 x 3200 px Display with Punch Hole",64 MP Quad Rear & 10 MP Front Camera,"Memory Card (Hybrid), upto 1 TB",Android v10
122,Realme A1,8999.0,,"Dual Sim, 3G, 4G, VoLTE, Wi-Fi","Helio P70, Octa Core, 2.1 GHz Processor","2 GB RAM, 16 GB inbuilt",4000 mAh Battery,"6.2 inches, 720 x 1520 px Display with Water Drop Notch",13 MP + 2 MP Dual Rear & 8 MP Front Camera,"Memory Card Supported, upto 256 GB",Android v8.1 (Oreo)
123,Nokia 3310 4G,3999.0,,"Dual Sim, 3G, 4G, VoLTE, Wi-Fi","256 MB RAM, 512 MB inbuilt",1200 mAh Battery,"2.4 inches, 240 x 320 px Display",2 MP Rear Camera,"Memory Card Supported, upto 32 GB",Bluetooth,Browser
124,Lyf Earth 2,3890.0,,"Dual Sim, 3G, 4G, VoLTE, Wi-Fi","Snapdragon MSM8939, Octa Core, 1.5 GHz Processor","3 GB RAM, 32 GB inbuilt",2500 mAh Battery,"5 inches, 1080 x 1920 px Display",13 MP Rear & 13 MP Front Camera,"Memory Card (Hybrid), upto 64 GB",Android v5.1.1 (Lollipop)
125,Samsung Guru E1200,1685.0,,Single Sim,No Wifi,800 mAh Battery,"1.5 inches, 128 x 128 px Display",No Rear Camera,No FM Radio,,
126,iKall K88 Pro 4G,2099.0,,"Dual Sim, 3G, 4G, VoLTE","48 MB RAM, 128 MB inbuilt",1800 mAh Battery,"2.4 inches, 240 x 360 px Display",0.3 MP Rear Camera,"Memory Card Supported, upto 128 GB",Bluetooth,Browser
127,Eunity U1 Livo,649.0,,Dual Sim,1.77 MHz Processor,"16 MB RAM, 16 MB inbuilt",1000 mAh Battery,"1.8 inches, 280 x 240 px Display",0.3 MP Rear Camera,,
128,Samsung Galaxy Z Fold 4 (12GB RAM + 1TB),163980.0,,"Dual Sim, 3G, 4G, 5G, VoLTE, Wi-Fi, NFC","Snapdragon  8+ Gen1, Octa Core, 3.2 GHz Processor","12 GB RAM, 1 TB inbuilt",4400 mAh Battery with 25W Fast Charging,"7.6 inches, 1812 x 2176 px, 120 Hz Display with Punch Hole","Foldable Display, Dual Display",50 MP + 12 MP + 10 MP Triple Rear & 10 MP + 4 MP Dual Front Camera,Android v12
129,Motorola Moto Edge X30 Pro,59990.0,,"Dual Sim, 3G, 4G, 5G, VoLTE, Wi-Fi, NFC","Snapdragon 8+ Gen1, Octa Core, 3.2 GHz Processor","8 GB RAM, 128 GB inbuilt",4450 mAh Battery with 125W Fast Charging,"6.67 inches, 1080 x 2340 px, 144 Hz Display with Punch Hole",200 MP + 50 MP + 12 MP Triple Rear & 60 MP Front Camera,Android v12,No FM Radio
130,Vivo X Fold 5G (12GB RAM + 512GB),118990.0,,"Dual Sim, 3G, 4G, 5G, VoLTE, Wi-Fi, NFC","Snapdragon 8 Gen1, Octa Core, 3 GHz Processor","12 GB RAM, 512 GB inbuilt",4600 mAh Battery with 66W Fast Charging,"8.03 inches, 1916 x 2160 px, 120 Hz Display",Foldable Display,50 MP Quad Rear & 16 MP Front Camera,Android v12
131,itel Vision 1 (3GB RAM + 32GB),5890.0,,"Dual Sim, 3G, 4G, VoLTE, Wi-Fi","Unisoc  A55, Octa Core, 1.6 GHz Processor","3 GB RAM, 32 GB inbuilt",4000 mAh Battery,"6.09 inches, 1520 x 720 px Display with Water Drop Notch",8 MP + 0.3 MP Dual Rear & 5 MP Front Camera,"Memory Card Supported, upto 128 GB",Android v9 (Pie)
132,Nokia 5310 Dual Sim,3399.0,,Dual Sim,"8 MB RAM, 16 MB inbuilt",1200 mAh Battery,"2.4 inches, 240 x 320 px Display",0.3 MP Rear Camera,"Memory Card Supported, upto 32 GB",Bluetooth,Browser
133,Huawei Mate 30 RS Porsche Design,214990.0,,"Dual Sim, 3G, 4G, 5G, VoLTE, Wi-Fi, NFC, IR Blaster","Kirin  990, Octa Core, 2.86 GHz Processor","12 GB RAM, 512 GB inbuilt",4500 mAh Battery with Fast Charging,"6.53 inches, 1176 x 2400 px Display with Large Notch",40 MP Quad Rear & 32 MP Dual Front Camera,"Memory Card (Hybrid), upto 256 GB",Android v10
134,Realme C2,6999.0,,"Dual Sim, 3G, 4G, VoLTE, Wi-Fi","Helio P22, Octa Core, 2 GHz Processor","2 GB RAM, 16 GB inbuilt",4000 mAh Battery,"6.1 inches, 1560 x 720 px Display with Water Drop Notch",13 MP + 2 MP Dual Rear & 5 MP Front Camera,"Memory Card Supported, upto 256 GB",Android v9.0 (Pie)
135,Huawei Mate X,169000.0,,"Dual Sim, 3G, 4G, 5G, VoLTE, Wi-Fi, NFC, IR Blaster","Kirin  990, Octa Core, 2.86 GHz Processor","8 GB RAM, 512 GB inbuilt",4500 mAh Battery with 55W Fast Charging,"8 inches, 2200 x 2480 px Display",Foldable Display,48 MP Quad Rear Camera,"Memory Card (Hybrid), upto 256 GB"
136,Vivo Y55S,13490.0,,"Dual Sim, 3G, 4G, VoLTE, Wi-Fi","Snapdragon 425, Quad Core, 1.2 GHz Processor","3 GB RAM, 16 GB inbuilt",2730 mAh Battery,"5.2 inches, 720 x 1280 px Display",13 MP Rear & 5 MP Front Camera,Memory Card Supported,Android v6.0 (Marshmallow)
137,XTouch F40 Flip,1999.0,,Dual Sim,No 3G,No Wifi,"32 MB RAM, 32 MB inbuilt",800 mAh Battery,"1.77 inches, 240 x 320 px Display",Dual Display,1.3 MP Rear Camera
138,Lava X3,6999.0,,"Dual Sim, 3G, 4G, VoLTE, Wi-Fi","Helio A22, Quad Core, 2 GHz Processor","3 GB RAM, 32 GB inbuilt",4000 mAh Battery,"6.5 inches, 1600 x 720 px Display with Water Drop Notch",8 MP Dual Rear & 5 MP Front Camera,"Memory Card (Hybrid), upto 512 GB",Android v12
139,itel A23s,4787.0,,"Dual Sim, 3G, 4G, Wi-Fi","Spreadtrum  SC9832E, Quad Core, 1.4 GHz Processor","2 GB RAM, 32 GB inbuilt",3020 mAh Battery,"5 inches, 854 x 480 px Display",2 MP Rear Camera,Android v11,No FM Radio
140,Vivo X Fold 2,119990.0,,"Dual Sim, 3G, 4G, 5G, VoLTE, Wi-Fi, NFC","Snapdragon 8 Gen2, Octa Core, 3.2 GHz Processor","12 GB RAM, 256 GB inbuilt",4800 mAh Battery with 66W Fast Charging,"8.03 inches, 1916 x 2160 px, 120 Hz Display",Foldable Display,50 MP + 50 MP + 10 MP Triple Rear & 32 MP Front Camera,Android v12
